date,ret,outlier_iqr,outlier_z,outlier_any,ret_winsor
2020-08-18,-0.0034081042851646925,False,False,False,-0.0034081042851646925
2020-08-19,-0.006044262607765916,False,False,False,-0.006044262607765916
2020-08-20,-0.007387572634685036,False,False,False,-0.007387572634685036
2020-08-21,-0.0001346387594454157,False,False,False,-0.0001346387594454157
2020-08-24,0.01577450593766283,False,False,False,0.01577450593766283
2020-08-25,0.007513453788658309,False,False,False,0.007513453788658309
2020-08-26,0.013365593419514044,False,False,False,0.013365593419514044
2020-08-27,-0.025134666697616548,False,False,False,-0.025134666697616548
2020-08-28,0.008638463665841423,False,False,False,0.008638463665841423
2020-08-31,-0.013940521531444539,False,False,False,-0.013940521531444539
2020-09-01,0.03399441479963894,False,False,False,0.03399441479963894
2020-09-02,0.029955917366067508,False,False,False,0.029955917366067508
2020-09-03,-0.0560365624555661,False,False,False,-0.0560365624555661
2020-09-04,-0.023234699938982306,False,False,False,-0.023234699938982306
2020-09-08,-0.054624127436769476,False,False,False,-0.054624127436769476
2020-09-09,0.034604860805128146,False,False,False,0.034604860805128146
2020-09-10,-0.00659490070213975,False,False,False,-0.00659490070213975
2020-09-11,0.006246684959277937,False,False,False,0.006246684959277937
2020-09-14,0.024246177477683872,False,False,False,0.024246177477683872
2020-09-15,0.006278092798427393,False,False,False,0.006278092798427393
2020-09-16,-0.021255773409452616,False,False,False,-0.021255773409452616
2020-09-17,0.012031510891977293,False,False,False,0.012031510891977293
2020-09-18,-0.0010907277096712242,False,False,False,-0.0010907277096712242
2020-09-21,-0.010154316790006113,False,False,False,-0.010154316790006113
2020-09-22,0.005570595148890245,False,False,False,0.005570595148890245
2020-09-23,-0.019416723099946243,False,False,False,-0.019416723099946243
2020-09-24,0.007271620186985794,False,False,False,0.007271620186985794
2020-09-25,0.000888559128864097,False,False,False,0.000888559128864097
2020-09-28,0.029349720993378847,False,False,False,0.029349720993378847
2020-09-29,0.007923262276283705,False,False,False,0.007923262276283705
2020-09-30,-0.01264710186381146,False,False,False,-0.01264710186381146
2020-10-01,0.03450051171080104,False,False,False,0.03450051171080104
2020-10-02,-0.031438956653511485,False,False,False,-0.031438956653511485
2020-10-05,0.032729534715661535,False,False,False,0.032729534715661535
2020-10-06,-0.031404391255000164,False,False,False,-0.031404391255000164
2020-10-07,0.01537387064621809,False,False,False,0.01537387064621809
2020-10-08,0.013544572122349052,False,False,False,0.013544572122349052
2020-10-09,0.021265926382946,False,False,False,0.021265926382946
2020-10-12,0.025836061166168545,False,False,False,0.025836061166168545
2020-10-13,0.015311694273482113,False,False,False,0.015311694273482113
2020-10-14,-0.017573814756623007,False,False,False,-0.017573814756623007
2020-10-15,-0.028791734403831093,False,False,False,-0.028791734403831093
2020-10-16,0.0008537293668080537,False,False,False,0.0008537293668080537
2020-10-19,-0.004109639362803397,False,False,False,-0.004109639362803397
2020-10-20,-0.0009083593044516558,False,False,False,-0.0009083593044516558
2020-10-21,-0.005091420513641531,False,False,False,-0.005091420513641531
2020-10-22,-0.01958209912459319,False,False,False,-0.01958209912459319
2020-10-23,0.008149066316568643,False,False,False,0.008149066316568643
2020-10-26,-0.029242540609762058,False,False,False,-0.029242540609762058
2020-10-27,-0.003047667021317646,False,False,False,-0.003047667021317646
2020-10-28,-0.009580484241007992,False,False,False,-0.009580484241007992
2020-10-29,0.02204702882284537,False,False,False,0.02204702882284537
2020-10-30,-0.026020572381407647,False,False,False,-0.026020572381407647
2020-11-02,0.014996658529006224,False,False,False,0.014996658529006224
2020-11-03,0.018756425229560003,False,False,False,0.018756425229560003
2020-11-04,0.029403840650033652,False,False,False,0.029403840650033652
2020-11-05,0.0396604312168547,False,False,False,0.0396604312168547
2020-11-06,0.020216581969968894,False,False,False,0.020216581969968894
2020-11-09,0.00022152370586958625,False,False,False,0.00022152370586958625
2020-11-10,-0.017301173932015246,False,False,False,-0.017301173932015246
2020-11-11,0.04695720786562707,False,False,False,0.04695720786562707
2020-11-12,-0.01274977296794999,False,False,False,-0.01274977296794999
2020-11-13,0.016645576443064414,False,False,False,0.016645576443064414
2020-11-16,0.01649252488018038,False,False,False,0.01649252488018038
2020-11-17,-7.03811917798225e-05,False,False,False,-7.03811917798225e-05
2020-11-18,-0.006260670210668229,False,False,False,-0.006260670210668229
2020-11-19,-0.0010617741873922837,False,False,False,-0.0010617741873922837
2020-11-20,0.0005431819603707311,False,False,False,0.0005431819603707311
2020-11-23,0.008404514218050885,False,False,False,0.008404514218050885
2020-11-24,-0.006742559057277497,False,False,False,-0.006742559057277497
2020-11-25,-0.0018617201937853878,False,False,False,-0.0018617201937853878
2020-11-27,0.03374405297653471,False,False,False,0.03374405297653471
2020-11-30,-9.133183788256893e-05,False,False,False,-9.133183788256893e-05
2020-12-01,0.026294590377830662,False,False,False,0.026294590377830662
2020-12-02,0.0039179636527801875,False,False,False,0.0039179636527801875
2020-12-03,0.0042127475622799615,False,False,False,0.0042127475622799615
2020-12-04,0.025369985334817935,False,False,False,0.025369985334817935
2020-12-07,0.01149876545288775,False,False,False,0.01149876545288775
2020-12-08,-0.002469420390040611,False,False,False,-0.002469420390040611
2020-12-09,-0.0334635444092356,False,False,False,-0.0334635444092356
2020-12-10,0.01084164087404016,False,False,False,0.01084164087404016
2020-12-11,-0.011293249734324773,False,False,False,-0.011293249734324773
2020-12-14,0.0007953487043623753,False,False,False,0.0007953487043623753
2020-12-15,0.03600518079785897,False,False,False,0.03600518079785897
2020-12-16,0.004751742581087903,False,False,False,0.004751742581087903
2020-12-17,0.012236774600471012,False,False,False,0.012236774600471012
2020-12-18,-0.0001256515946853609,False,False,False,-0.0001256515946853609
2020-12-21,-0.010435084008184381,False,False,False,-0.010435084008184381
2020-12-22,0.008300586455929349,False,False,False,0.008300586455929349
2020-12-23,-0.0032760821305062304,False,False,False,-0.0032760821305062304
2020-12-24,0.017845814348442124,False,False,False,0.017845814348442124
2020-12-28,-0.005899658227506044,False,False,False,-0.005899658227506044
2020-12-29,0.007850387493219868,False,False,False,0.007850387493219868
2020-12-30,0.012189855370346114,False,False,False,0.012189855370346114
2020-12-31,-0.004470294409322562,False,False,False,-0.004470294409322562
2021-01-04,0.02517844936429192,False,False,False,0.02517844936429192
2021-01-05,0.010719933061747566,False,False,False,0.010719933061747566
2021-01-06,-0.02995877952863013,False,False,False,-0.02995877952863013
2021-01-07,0.02286728511178371,False,False,False,0.02286728511178371
2021-01-08,0.014578282849085467,False,False,False,0.014578282849085467
2021-01-11,-0.0015529141793493295,False,False,False,-0.0015529141793493295
2021-01-12,0.011772953307773948,False,False,False,0.011772953307773948
2021-01-13,0.0002529637342774116,False,False,False,0.0002529637342774116
2021-01-14,0.0595065835518116,False,False,False,0.0595065835518116
2021-01-15,-0.03148798659088925,False,False,False,-0.03148798659088925
2021-01-19,0.04170597183752256,False,False,False,0.04170597183752256
2021-01-20,-0.00021851346118662018,False,False,False,-0.00021851346118662018
2021-01-21,0.03888025026177977,False,False,False,0.03888025026177977
2021-01-22,-0.0022600545577656783,False,False,False,-0.0022600545577656783
2021-01-25,-0.0032313115394966285,False,False,False,-0.0032313115394966285
2021-01-26,-0.0327865100428949,False,False,False,-0.0327865100428949
2021-01-27,-0.04438978419834638,False,False,False,-0.04438978419834638
2021-01-28,0.04305895654784986,False,False,False,0.04305895654784986
2021-01-29,-0.023866034347903686,False,False,False,-0.023866034347903686
2021-02-01,0.03787264421983161,False,False,False,0.03787264421983161
2021-02-02,-0.0016055120228553044,False,False,False,-0.0016055120228553044
2021-02-03,-0.0191329441504704,False,False,False,-0.0191329441504704
2021-02-04,0.023079539324542875,False,False,False,0.023079539324542875
2021-02-05,-0.004735334677473335,False,False,False,-0.004735334677473335
2021-02-08,0.020242400472649358,False,False,False,0.020242400472649358
2021-02-09,0.00265940615093907,False,False,False,0.00265940615093907
2021-02-10,0.002457975982069538,False,False,False,0.002457975982069538
2021-02-11,0.043430125678941556,False,False,False,0.043430125678941556
2021-02-12,0.010954759575486195,False,False,False,0.010954759575486195
2021-02-16,0.008612337456828989,False,False,False,0.008612337456828989
2021-02-17,-0.025798327727584836,False,False,False,-0.025798327727584836
2021-02-18,-0.008679807801802664,False,False,False,-0.008679807801802664
2021-02-19,0.020464391642401214,False,False,False,0.020464391642401214
2021-02-22,-0.026749840484257326,False,False,False,-0.026749840484257326
2021-02-23,-0.004200245190539409,False,False,False,-0.004200245190539409
2021-02-24,0.03287754971567902,False,False,False,0.03287754971567902
2021-02-25,-0.05922562117173036,True,False,True,-0.05922562117173036
2021-02-26,0.013076770726095255,False,False,False,0.013076770726095255
2021-03-01,0.02902545909316001,False,False,False,0.02902545909316001
2021-03-02,-0.03497575041439027,False,False,False,-0.03497575041439027
2021-03-03,-0.03469821139788287,False,False,False,-0.03469821139788287
2021-03-04,-0.0608903897113946,True,False,True,-0.0608903897113946
2021-03-05,0.032399571636759994,False,False,False,0.032399571636759994
2021-03-08,-0.04715012617452319,False,False,False,-0.04715012617452319
2021-03-09,0.07433456311116071,True,False,True,0.06519911284179133
2021-03-10,-0.030008170498073028,False,False,False,-0.030008170498073028
2021-03-11,0.040261518874921576,False,False,False,0.040261518874921576
2021-03-12,-0.012435834451291483,False,False,False,-0.012435834451291483
2021-03-15,0.01778163562145174,False,False,False,0.01778163562145174
2021-03-16,0.004002170387396697,False,False,False,0.004002170387396697
2021-03-17,0.018548432087266642,False,False,False,0.018548432087266642
2021-03-18,-0.036420629851811714,False,False,False,-0.036420629851811714
2021-03-19,0.015263383750457216,False,False,False,0.015263383750457216
2021-03-22,0.0521903267576298,False,False,False,0.0521903267576298
2021-03-23,-0.02972275065076546,False,False,False,-0.02972275065076546
2021-03-24,0.03526776057286374,False,False,False,0.03526776057286374
2021-03-25,0.009367656993599427,False,False,False,0.009367656993599427
2021-03-26,0.0713525958129646,True,False,True,0.06519911284179133
2021-03-29,-0.028241905001889833,False,False,False,-0.028241905001889833
2021-03-30,-0.01103603288229349,False,False,False,-0.01103603288229349
2021-03-31,0.02672597731895099,False,False,False,0.02672597731895099
2021-04-01,0.03197463317506477,False,False,False,0.03197463317506477
2021-04-05,0.005321062304021185,False,False,False,0.005321062304021185
2021-04-06,-0.01950060307692303,False,False,False,-0.01950060307692303
2021-04-07,-0.002293085786513327,False,False,False,-0.002293085786513327
2021-04-08,0.021259014014788802,False,False,False,0.021259014014788802
2021-04-09,-0.008689136376815898,False,False,False,-0.008689136376815898
2021-04-12,-0.006132577773451886,False,False,False,-0.006132577773451886
2021-04-13,-0.0020778796744415073,False,False,False,-0.0020778796744415073
2021-04-14,0.002972546894498551,False,False,False,0.002972546894498551
2021-04-15,0.01759122956109338,False,False,False,0.01759122956109338
2021-04-16,0.0056068669608830835,False,False,False,0.0056068669608830835
2021-04-19,-0.024129506952487834,False,False,False,-0.024129506952487834
2021-04-20,-0.020900943927802174,False,False,False,-0.020900943927802174
2021-04-21,0.062485567810260045,True,False,True,0.062485567810260045
2021-04-22,-0.012814476360829219,False,False,False,-0.012814476360829219
2021-04-23,0.03681057886781769,False,False,False,0.03681057886781769
2021-04-26,-0.0007002788613822419,False,False,False,-0.0007002788613822419
2021-04-27,0.0035347947154258375,False,False,False,0.0035347947154258375
2021-04-28,-0.011102333657145191,False,False,False,-0.011102333657145191
2021-04-29,-0.004298645536145895,False,False,False,-0.004298645536145895
2021-04-30,-0.021706628152752372,False,False,False,-0.021706628152752372
2021-05-03,0.009766933111580833,False,False,False,0.009766933111580833
2021-05-04,-0.03885791046703402,False,False,False,-0.03885791046703402
2021-05-05,0.020476927388108468,False,False,False,0.020476927388108468
2021-05-06,0.003832469747137468,False,False,False,0.003832469747137468
2021-05-07,0.022084599445587383,False,False,False,0.022084599445587383
2021-05-10,-0.04754242720397095,False,False,False,-0.04754242720397095
2021-05-11,0.005420218222296658,False,False,False,0.005420218222296658
2021-05-12,-0.045634588702923695,False,False,False,-0.045634588702923695
2021-05-13,0.03523958268283822,False,False,False,0.03523958268283822
2021-05-14,0.03959297347995849,False,False,False,0.03959297347995849
2021-05-17,-0.019158292955548717,False,False,False,-0.019158292955548717
2021-05-18,-0.0049736241489363175,False,False,False,-0.0049736241489363175
2021-05-19,-0.002230404728829072,False,False,False,-0.002230404728829072
2021-05-20,0.02852040020079416,False,False,False,0.02852040020079416
2021-05-21,-0.014720320138482013,False,False,False,-0.014720320138482013
2021-05-24,0.030865681042198334,False,False,False,0.030865681042198334
2021-05-25,0.02024448342755325,False,False,False,0.02024448342755325
2021-05-26,-0.009697946738728258,False,False,False,-0.009697946738728258
2021-05-27,-0.0010214908063459482,False,False,False,-0.0010214908063459482
2021-05-28,0.015606843514832436,False,False,False,0.015606843514832436
2021-06-01,-0.005433421747691347,False,False,False,-0.005433421747691347
2021-06-02,0.003408890469703829,False,False,False,0.003408890469703829
2021-06-03,-0.012164788872197851,False,False,False,-0.012164788872197851
2021-06-04,0.026145615638274,False,False,False,0.026145615638274
2021-06-07,-0.0019317792405766365,False,False,False,-0.0019317792405766365
2021-06-08,-0.0018330599571413364,False,False,False,-0.0018330599571413364
2021-06-09,0.002732544431870876,False,False,False,0.002732544431870876
2021-06-10,0.025417987402057474,False,False,False,0.025417987402057474
2021-06-11,-0.004157600119146343,False,False,False,-0.004157600119146343
2021-06-14,0.01764628819143299,False,False,False,0.01764628819143299
2021-06-15,-0.010643814767395066,False,False,False,-0.010643814767395066
2021-06-16,-0.0038899627942780013,False,False,False,-0.0038899627942780013
2021-06-17,-0.00031484444654539256,False,False,False,-0.00031484444654539256
2021-06-18,-0.03972350297784144,False,False,False,-0.03972350297784144
2021-06-21,0.014275794582150336,False,False,False,0.014275794582150336
2021-06-22,0.007580790266346726,False,False,False,0.007580790266346726
2021-06-23,-0.00606571652678789,False,False,False,-0.00606571652678789
2021-06-24,0.019584739501408377,False,False,False,0.019584739501408377
2021-06-25,-0.012647478144597324,False,False,False,-0.012647478144597324
2021-06-28,0.02608527912232006,False,False,False,0.02608527912232006
2021-06-29,-0.000610743879596698,False,False,False,-0.000610743879596698
2021-06-30,-0.01824676154530991,False,False,False,-0.01824676154530991
2021-07-01,-0.016689987048424726,False,False,False,-0.016689987048424726
2021-07-02,0.012115223993273583,False,False,False,0.012115223993273583
2021-07-06,-0.0024287486647339707,False,False,False,-0.0024287486647339707
2021-07-07,0.006283742786651114,False,False,False,0.006283742786651114
2021-07-08,-0.023892142164276486,False,False,False,-0.023892142164276486
2021-07-09,0.026228471742734794,False,False,False,0.026228471742734794
2021-07-12,0.02379380628930594,False,False,False,0.02379380628930594
2021-07-13,-0.00196387230499917,False,False,False,-0.00196387230499917
2021-07-14,0.014283543697198864,False,False,False,0.014283543697198864
2021-07-15,-0.017543586339441086,False,False,False,-0.017543586339441086
2021-07-16,-0.02346785097833548,False,False,False,-0.02346785097833548
2021-07-19,-0.004975221138268093,False,False,False,-0.004975221138268093
2021-07-20,7.320544323952127e-05,False,False,False,7.320544323952127e-05
2021-07-21,0.05401649970471056,False,False,False,0.05401649970471056
2021-07-22,0.012371753863281265,False,False,False,0.012371753863281265
2021-07-23,0.024961676010465617,False,False,False,0.024961676010465617
2021-07-26,0.007952958622327921,False,False,False,0.007952958622327921
2021-07-27,-0.011258524490604604,False,False,False,-0.011258524490604604
2021-07-28,0.0191255487934896,False,False,False,0.0191255487934896
2021-07-29,0.007698665012546124,False,False,False,0.007698665012546124
2021-07-30,0.0013451806081834494,False,False,False,0.0013451806081834494
2021-08-02,0.0037952995826602276,False,False,False,0.0037952995826602276
2021-08-03,0.012837071661632615,False,False,False,0.012837071661632615
2021-08-04,0.020460951043721476,False,False,False,0.020460951043721476
2021-08-05,-0.000917557236537081,False,False,False,-0.000917557236537081
2021-08-06,-0.01443222547408407,False,False,False,-0.01443222547408407
2021-08-09,0.006893859839315342,False,False,False,0.006893859839315342
2021-08-10,0.0007736225959527054,False,False,False,0.0007736225959527054
2021-08-11,-8.868808982076537e-05,False,False,False,-8.868808982076537e-05
2021-08-12,-0.010326606477537581,False,False,False,-0.010326606477537581
2021-08-13,0.010101547552369805,False,False,False,0.010101547552369805
2021-08-16,-0.002040679136098067,False,False,False,-0.002040679136098067
2021-08-17,-0.013704273067921213,False,False,False,-0.013704273067921213
2021-08-18,-0.00529271239775686,False,False,False,-0.00529271239775686
2021-08-19,0.011729125749189384,False,False,False,0.011729125749189384
2021-08-20,0.008534823665396374,False,False,False,0.008534823665396374
2021-08-23,0.029739226685372433,False,False,False,0.029739226685372433
2021-08-24,-0.007404820829816416,False,False,False,-0.007404820829816416
2021-08-25,0.0028051846795507096,False,False,False,0.0028051846795507096
2021-08-26,0.00380011701434646,False,False,False,0.00380011701434646
2021-08-27,0.027104435808606997,False,False,False,0.027104435808606997
2021-08-30,0.008007956622596568,False,False,False,0.008007956622596568
2021-08-31,-0.0078014749071986245,False,False,False,-0.0078014749071986245
2021-09-01,0.01095990193736096,False,False,False,0.01095990193736096
2021-09-02,0.022691433038264597,False,False,False,0.022691433038264597
2021-09-03,-0.0036805906049349746,False,False,False,-0.0036805906049349746
2021-09-07,0.004265141339946377,False,False,False,0.004265141339946377
2021-09-08,-0.004386433515832455,False,False,False,-0.004386433515832455
2021-09-09,-0.0052330195329752804,False,False,False,-0.0052330195329752804
2021-09-10,0.006291880323787247,False,False,False,0.006291880323787247
2021-09-13,0.014402414842972444,False,False,False,0.014402414842972444
2021-09-14,0.019317416771158724,False,False,False,0.019317416771158724
2021-09-15,0.001418748643670975,False,False,False,0.001418748643670975
2021-09-16,-0.0022713627119692603,False,False,False,-0.0022713627119692603
2021-09-17,-0.030947522955810602,False,False,False,-0.030947522955810602
2021-09-20,-0.022224785953309234,False,False,False,-0.022224785953309234
2021-09-21,0.016640069488955467,False,False,False,0.016640069488955467
2021-09-22,0.011711405815816311,False,False,False,0.011711405815816311
2021-09-23,0.017392488315500998,False,False,False,0.017392488315500998
2021-09-24,-0.012457678565041319,False,False,False,-0.012457678565041319
2021-09-27,-0.038569690670166246,False,False,False,-0.038569690670166246
2021-09-28,-0.06601135026133387,True,False,True,-0.0657800946533667
2021-09-29,-0.03813257225112998,False,False,False,-0.03813257225112998
2021-09-30,-0.007076063926520049,False,False,False,-0.007076063926520049
2021-10-01,-0.004428951797813885,False,False,False,-0.004428951797813885
2021-10-04,-0.03891835351234507,False,False,False,-0.03891835351234507
2021-10-05,0.027954753124477483,False,False,False,0.027954753124477483
2021-10-06,-0.0005047705810824477,False,False,False,-0.0005047705810824477
2021-10-07,0.019549377090731124,False,False,False,0.019549377090731124
2021-10-08,-0.022160595815382877,False,False,False,-0.022160595815382877
2021-10-11,-0.01147514920906434,False,False,False,-0.01147514920906434
2021-10-12,0.004377212149336396,False,False,False,0.004377212149336396
2021-10-13,0.026715477739725824,False,False,False,0.026715477739725824
2021-10-14,0.04549845483866899,False,False,False,0.04549845483866899
2021-10-15,0.014275024318662233,False,False,False,0.014275024318662233
2021-10-18,-0.0014949449243851776,False,False,False,-0.0014949449243851776
2021-10-19,0.0161630651890321,False,False,False,0.0161630651890321
2021-10-20,-0.041525101048561885,False,False,False,-0.041525101048561885
2021-10-21,0.025869392013962322,False,False,False,0.025869392013962322
2021-10-22,0.01702732308697552,False,False,False,0.01702732308697552
2021-10-25,-0.015643513576862556,False,False,False,-0.015643513576862556
2021-10-26,0.003538470336846178,False,False,False,0.003538470336846178
2021-10-27,0.012347952032011333,False,False,False,0.012347952032011333
2021-10-28,0.01521856782111164,False,False,False,0.01521856782111164
2021-10-29,-0.0003812402499124845,False,False,False,-0.0003812402499124845
2021-11-01,-0.006680067401922729,False,False,False,-0.006680067401922729
2021-11-02,0.0056599890578803436,False,False,False,0.0056599890578803436
2021-11-03,0.022166781452048978,False,False,False,0.022166781452048978
2021-11-04,0.02466199470156738,False,False,False,0.02466199470156738
2021-11-05,-0.004103521965383883,False,False,False,-0.004103521965383883
2021-11-08,0.0034593417154602513,False,False,False,0.0034593417154602513
2021-11-09,0.00014127415786235886,False,False,False,0.00014127415786235886
2021-11-10,-0.0378803115456392,False,False,False,-0.0378803115456392
2021-11-11,0.01900105693369558,False,False,False,0.01900105693369558
2021-11-12,0.021886687655338743,False,False,False,0.021886687655338743
2021-11-15,0.005976615298580068,False,False,False,0.005976615298580068
2021-11-16,0.004470736824686572,False,False,False,0.004470736824686572
2021-11-17,-0.0012667685983263066,False,False,False,-0.0012667685983263066
2021-11-18,0.022874854954243462,False,False,False,0.022874854954243462
2021-11-19,-0.024968137130244927,False,False,False,-0.024968137130244927
2021-11-22,-0.036655506790465586,False,False,False,-0.036655506790465586
2021-11-23,-0.022125232331130174,False,False,False,-0.022125232331130174
2021-11-24,-0.006303706444121149,False,False,False,-0.006303706444121149
2021-11-26,-0.0253865701565269,False,False,False,-0.0253865701565269
2021-11-29,0.04218566148942626,False,False,False,0.04218566148942626
2021-11-30,-0.028834035304051153,False,False,False,-0.028834035304051153
2021-12-01,0.01577988835290589,False,False,False,0.01577988835290589
2021-12-02,-0.018184051506981436,False,False,False,-0.018184051506981436
2021-12-03,-0.022625507301952563,False,False,False,-0.022625507301952563
2021-12-06,-0.019610524512358674,False,False,False,-0.019610524512358674
2021-12-07,0.06560104624974472,True,False,True,0.06519911284179133
2021-12-08,-0.002592931437306323,False,False,False,-0.002592931437306323
2021-12-09,-0.03894683937045884,False,False,False,-0.03894683937045884
2021-12-10,0.011946673962777377,False,False,False,0.011946673962777377
2021-12-13,-0.02221689325014975,False,False,False,-0.02221689325014975
2021-12-14,-0.01318555928910925,False,False,False,-0.01318555928910925
2021-12-15,0.05014644681824154,False,False,False,0.05014644681824154
2021-12-16,-0.04698185426110146,False,False,False,-0.04698185426110146
2021-12-17,-0.006794834228697644,False,False,False,-0.006794834228697644
2021-12-20,0.0040141495597227905,False,False,False,0.0040141495597227905
2021-12-21,0.04005949196455583,False,False,False,0.04005949196455583
2021-12-22,0.01159594693132604,False,False,False,0.01159594693132604
2021-12-23,0.011727976794829731,False,False,False,0.011727976794829731
2021-12-27,0.012502872215524707,False,False,False,0.012502872215524707
2021-12-28,-0.008207605811090035,False,False,False,-0.008207605811090035
2021-12-29,-0.0034669828323893315,False,False,False,-0.0034669828323893315
2021-12-30,-0.0021946218906869763,False,False,False,-0.0021946218906869763
2021-12-31,-0.005098475162281124,False,False,False,-0.005098475162281124
2022-01-03,0.0016956062758819446,False,False,False,0.0016956062758819446
2022-01-04,-0.02294690908814856,False,False,False,-0.02294690908814856
2022-01-05,-0.04301913858288098,False,False,False,-0.04301913858288098
2022-01-06,0.023401887451963477,False,False,False,0.023401887451963477
2022-01-07,-0.009199065020108144,False,False,False,-0.009199065020108144
2022-01-10,-0.03826212965550879,False,False,False,-0.03826212965550879
2022-01-11,0.0027364254979040936,False,False,False,0.0027364254979040936
2022-01-12,0.017842747227646782,False,False,False,0.017842747227646782
2022-01-13,-0.016289969097407764,False,False,False,-0.016289969097407764
2022-01-14,0.019792203116521412,False,False,False,0.019792203116521412
2022-01-18,-0.03935375648377171,False,False,False,-0.03935375648377171
2022-01-19,-0.02294354587346914,False,False,False,-0.02294354587346914
2022-01-20,0.010932850088045676,False,False,False,0.010932850088045676
2022-01-21,-0.016604298744726576,False,False,False,-0.016604298744726576
2022-01-24,-0.01052192231298743,False,False,False,-0.01052192231298743
2022-01-25,-0.0565156204990267,False,False,False,-0.0565156204990267
2022-01-26,0.007231454781505553,False,False,False,0.007231454781505553
2022-01-27,-0.028472845219600362,False,False,False,-0.028472845219600362
2022-01-28,0.016245050082453805,False,False,False,0.016245050082453805
2022-01-31,0.04997139516221849,False,False,False,0.04997139516221849
2022-02-01,0.006320143954902546,False,False,False,0.006320143954902546
2022-02-02,0.007733038466418041,False,False,False,0.007733038466418041
2022-02-03,-0.05943949730555098,True,False,True,-0.05943949730555098
2022-02-04,0.010651390986898601,False,False,False,0.010651390986898601
2022-02-07,-0.004258565021147964,False,False,False,-0.004258565021147964
2022-02-08,0.005292055533015372,False,False,False,0.005292055533015372
2022-02-09,0.04116492509125114,False,False,False,0.04116492509125114
2022-02-10,-0.03452524269072954,False,False,False,-0.03452524269072954
2022-02-11,-0.04360018694050816,False,False,False,-0.04360018694050816
2022-02-14,-0.0005252960198161016,False,False,False,-0.0005252960198161016
2022-02-15,0.04538882040951231,False,False,False,0.04538882040951231
2022-02-16,0.011349645656828278,False,False,False,0.011349645656828278
2022-02-17,-0.020230401744874782,False,False,False,-0.020230401744874782
2022-02-18,-0.0039971424881528606,False,False,False,-0.0039971424881528606
2022-02-22,-0.011669636691320484,False,False,False,-0.011669636691320484
2022-02-23,-0.013338338210166167,False,False,False,-0.013338338210166167
2022-02-24,0.03974806493099026,False,False,False,0.03974806493099026
2022-02-25,0.015650789356222772,False,False,False,0.015650789356222772
2022-02-28,-0.000914588840560393,False,False,False,-0.000914588840560393
2022-03-01,-0.04846128466780064,False,False,False,-0.04846128466780064
2022-03-02,0.03336442712790877,False,False,False,0.03336442712790877
2022-03-03,-0.03750571101183153,False,False,False,-0.03750571101183153
2022-03-04,-0.05781621018957683,True,False,True,-0.05781621018957683
2022-03-07,-0.03361836748076796,False,False,False,-0.03361836748076796
2022-03-08,-0.002263456498131755,False,False,False,-0.002263456498131755
2022-03-09,0.08428751220465602,True,True,True,0.06519911284179133
2022-03-10,-0.03423272111873921,False,False,False,-0.03423272111873921
2022-03-11,-0.023697388734576164,False,False,False,-0.023697388734576164
2022-03-14,-0.014167332807883737,False,False,False,-0.014167332807883737
2022-03-15,0.03315746199311875,False,False,False,0.03315746199311875
2022-03-16,0.09038041411039854,True,True,True,0.06519911284179133
2022-03-17,0.0053332152116096765,False,False,False,0.0053332152116096765
2022-03-18,0.03938251827215877,False,False,False,0.03938251827215877
2022-03-21,0.004486138080998181,False,False,False,0.004486138080998181
2022-03-22,0.008537058917776008,False,False,False,0.008537058917776008
2022-03-23,-0.03394607187828025,False,False,False,-0.03394607187828025
2022-03-24,0.0378441446304314,False,False,False,0.0378441446304314
2022-03-25,-0.004604976084700008,False,False,False,-0.004604976084700008
2022-03-28,0.010867684391993482,False,False,False,0.010867684391993482
2022-03-29,0.020594899836829494,False,False,False,0.020594899836829494
2022-03-30,-0.03466186920483938,False,False,False,-0.03466186920483938
2022-03-31,-0.02429307674535064,False,False,False,-0.02429307674535064
2022-04-01,-0.00029930042067283225,False,False,False,-0.00029930042067283225
2022-04-04,0.019619113550515488,False,False,False,0.019619113550515488
2022-04-05,-0.0504828395452136,False,False,False,-0.0504828395452136
2022-04-06,-0.027766589076860138,False,False,False,-0.027766589076860138
2022-04-07,-0.005107420177871691,False,False,False,-0.005107420177871691
2022-04-08,-0.022980960289780028,False,False,False,-0.022980960289780028
2022-04-11,-0.021589949209895543,False,False,False,-0.021589949209895543
2022-04-12,-0.006256881461821906,False,False,False,-0.006256881461821906
2022-04-13,0.03158256042349872,False,False,False,0.03158256042349872
2022-04-14,-0.024300015530224428,False,False,False,-0.024300015530224428
2022-04-18,0.01289583536603045,False,False,False,0.01289583536603045
2022-04-19,0.019105910296111972,False,False,False,0.019105910296111972
2022-04-20,0.027156846445553606,False,False,False,0.027156846445553606
2022-04-21,-0.021974724808573765,False,False,False,-0.021974724808573765
2022-04-22,-0.01995214333725559,False,False,False,-0.01995214333725559
2022-04-25,-0.012820925317757137,False,False,False,-0.012820925317757137
2022-04-26,-0.06566967493349518,True,False,True,-0.06566967493349518
2022-04-27,-0.006334494576694549,False,False,False,-0.006334494576694549
2022-04-28,0.06044405911094408,True,False,True,0.06044405911094408
2022-04-29,-0.04533150423837862,False,False,False,-0.04533150423837862
2022-05-02,0.01298421502016689,False,False,False,0.01298421502016689
2022-05-03,0.006667788602545022,False,False,False,0.006667788602545022
2022-05-04,0.03848046512576908,False,False,False,0.03848046512576908
2022-05-05,-0.04803943233260288,False,False,False,-0.04803943233260288
2022-05-06,-0.0233440022458532,False,False,False,-0.0233440022458532
2022-05-09,-0.06958264715623019,True,False,True,-0.0657800946533667
2022-05-10,0.020891016344614544,False,False,False,0.020891016344614544
2022-05-11,-0.003955065877694897,False,False,False,-0.003955065877694897
2022-05-12,0.0020332396220599236,False,False,False,0.0020332396220599236
2022-05-13,0.04969780205787622,False,False,False,0.04969780205787622
2022-05-16,-0.024383446693248878,False,False,False,-0.024383446693248878
2022-05-17,0.04987337633424116,False,False,False,0.04987337633424116
2022-05-18,-0.05934489419878686,True,False,True,-0.05934489419878686
2022-05-19,-0.004353389687209774,False,False,False,-0.004353389687209774
2022-05-20,0.013003735109073267,False,False,False,0.013003735109073267
2022-05-23,0.040856257184967326,False,False,False,0.040856257184967326
2022-05-24,-0.014748995169113766,False,False,False,-0.014748995169113766
2022-05-25,0.0030195503771832666,False,False,False,0.0030195503771832666
2022-05-26,0.021876406316746477,False,False,False,0.021876406316746477
2022-05-27,0.041619838261628184,False,False,False,0.041619838261628184
2022-05-31,-0.012153518123667384,False,False,False,-0.012153518123667384
2022-06-01,-0.021915926433538235,False,False,False,-0.021915926433538235
2022-06-02,0.029946963677771388,False,False,False,0.029946963677771388
2022-06-03,-0.029093472362209494,False,False,False,-0.029093472362209494
2022-06-06,0.014264329801736197,False,False,False,0.014264329801736197
2022-06-07,0.009305769022716293,False,False,False,0.009305769022716293
2022-06-08,-0.01658548757631728,False,False,False,-0.01658548757631728
2022-06-09,-0.044110356094092085,False,False,False,-0.044110356094092085
2022-06-10,-0.038494937081687164,False,False,False,-0.038494937081687164
2022-06-13,-0.05359249869103755,False,False,False,-0.05359249869103755
2022-06-14,-0.004882589617879685,False,False,False,-0.004882589617879685
2022-06-15,0.028829161583693974,False,False,False,0.028829161583693974
2022-06-16,-0.07357570420168813,True,False,True,-0.0657800946533667
2022-06-17,0.011107504390189149,False,False,False,0.011107504390189149
2022-06-21,0.04436487057667193,False,False,False,0.04436487057667193
2022-06-22,-0.017902459310347507,False,False,False,-0.017902459310347507
2022-06-23,0.0,False,False,False,0.0
2022-06-24,0.06129740602606537,True,False,True,0.06129740602606537
2022-06-27,-0.014012013681914737,False,False,False,-0.014012013681914737
2022-06-28,-0.03470208893819626,False,False,False,-0.03470208893819626
2022-06-29,-0.01180636715376493,False,False,False,-0.01180636715376493
2022-06-30,-0.018034743890929072,False,False,False,-0.018034743890929072
2022-07-01,-0.05474082204697717,False,False,False,-0.05474082204697717
2022-07-05,-0.03874785597734398,False,False,False,-0.03874785597734398
2022-07-06,-0.008140727009051552,False,False,False,-0.008140727009051552
2022-07-07,0.05367467056526154,False,False,False,0.05367467056526154
2022-07-08,0.0023236737317715583,False,False,False,0.0023236737317715583
2022-07-11,-0.030665748694754358,False,False,False,-0.030665748694754358
2022-07-12,-0.010408656968506902,False,False,False,-0.010408656968506902
2022-07-13,0.02881539364471286,False,False,False,0.02881539364471286
2022-07-14,0.022124876280130934,False,False,False,0.022124876280130934
2022-07-15,0.04099367921000874,False,False,False,0.04099367921000874
2022-07-18,-0.004520381530993656,False,False,False,-0.004520381530993656
2022-07-19,0.05254707994285668,False,False,False,0.05254707994285668
2022-07-20,0.0322258040325325,False,False,False,0.0322258040325325
2022-07-21,0.05413875680039171,False,False,False,0.05413875680039171
2022-07-22,-0.014771311004934895,False,False,False,-0.014771311004934895
2022-07-25,0.008815873869191249,False,False,False,0.008815873869191249
2022-07-26,-0.027459761271582894,False,False,False,-0.027459761271582894
2022-07-27,0.04199004967994302,False,False,False,0.04199004967994302
2022-07-28,0.02660305022849263,False,False,False,0.02660305022849263
2022-07-29,0.02448683388607331,False,False,False,0.02448683388607331
2022-08-01,0.006458541048651734,False,False,False,0.006458541048651734
2022-08-02,-0.021707249623896363,False,False,False,-0.021707249623896363
2022-08-03,0.032284195843081065,False,False,False,0.032284195843081065
2022-08-04,0.01029946614541033,False,False,False,0.01029946614541033
2022-08-05,-0.018947745336104882,False,False,False,-0.018947745336104882
2022-08-08,-0.007898776067242874,False,False,False,-0.007898776067242874
2022-08-09,-0.0552421771678927,False,False,False,-0.0552421771678927
2022-08-10,0.0460903851804626,False,False,False,0.0460903851804626
2022-08-11,-0.006430554567204094,False,False,False,-0.006430554567204094
2022-08-12,0.024092931210024204,False,False,False,0.024092931210024204
2022-08-15,-0.0017711923133181262,False,False,False,-0.0017711923133181262
2022-08-16,-0.014366845363798952,False,False,False,-0.014366845363798952
2022-08-17,-0.016587611132068414,False,False,False,-0.016587611132068414
2022-08-18,0.007213549414830656,False,False,False,0.007213549414830656
2022-08-19,-0.028576562483484613,False,False,False,-0.028576562483484613
2022-08-22,-0.04619813302305242,False,False,False,-0.04619813302305242
2022-08-23,0.010921860189598398,False,False,False,0.010921860189598398
2022-08-24,-0.000589646034202751,False,False,False,-0.000589646034202751
2022-08-25,0.027215193032842144,False,False,False,0.027215193032842144
2022-08-26,-0.05521187139323991,False,False,False,-0.05521187139323991
2022-08-29,-0.01972775656747372,False,False,False,-0.01972775656747372
2022-08-30,-0.013723264816746461,False,False,False,-0.013723264816746461
2022-08-31,-0.006247246902676418,False,False,False,-0.006247246902676418
2022-09-01,-0.04086212732539518,False,False,False,-0.04086212732539518
2022-09-02,-0.0058095902959709456,False,False,False,-0.0058095902959709456
2022-09-06,0.00584353886264144,False,False,False,0.00584353886264144
2022-09-07,0.014385430666529864,False,False,False,0.014385430666529864
2022-09-08,0.012733870029524974,False,False,False,0.012733870029524974
2022-09-09,0.03780432461913663,False,False,False,0.03780432461913663
2022-09-12,0.007844198757014587,False,False,False,0.007844198757014587
2022-09-13,-0.0669991743583187,True,False,True,-0.0657800946533667
2022-09-14,0.014858707264496784,False,False,False,0.014858707264496784
2022-09-15,-0.026040642091224475,False,False,False,-0.026040642091224475
2022-09-16,0.0034360422051127326,False,False,False,0.0034360422051127326
2022-09-19,0.008261166689143229,False,False,False,0.008261166689143229
2022-09-20,-0.01942227946512065,False,False,False,-0.01942227946512065
2022-09-21,-0.015239348742521863,False,False,False,-0.015239348742521863
2022-09-22,-0.03051079365966236,False,False,False,-0.03051079365966236
2022-09-23,-0.011110230835798762,False,False,False,-0.011110230835798762
2022-09-26,-0.012220918873918518,False,False,False,-0.012220918873918518
2022-09-27,0.005756646004069443,False,False,False,0.005756646004069443
2022-09-28,0.01832501067297243,False,False,False,0.01832501067297243
2022-09-29,-0.030482957623510054,False,False,False,-0.030482957623510054
2022-09-30,-0.029057027828681026,False,False,False,-0.029057027828681026
2022-10-03,0.0393161987068964,False,False,False,0.0393161987068964
2022-10-04,0.07744159474421419,True,False,True,0.06519911284179133
2022-10-05,0.008987183263991172,False,False,False,0.008987183263991172
2022-10-06,-0.01523573169292236,False,False,False,-0.01523573169292236
2022-10-07,-0.06032810996737248,True,False,True,-0.06032810996737248
2022-10-10,-0.028485241173354603,False,False,False,-0.028485241173354603
2022-10-11,-0.05292846185717415,False,False,False,-0.05292846185717415
2022-10-12,-0.0030784704397049945,False,False,False,-0.0030784704397049945
2022-10-13,0.01774912431418696,False,False,False,0.01774912431418696
2022-10-14,-0.0648000911346237,True,False,True,-0.0648000911346237
2022-10-17,0.0345263246671057,False,False,False,0.0345263246671057
2022-10-18,0.017260705841142032,False,False,False,0.017260705841142032
2022-10-19,0.06273338493360714,True,False,True,0.06273338493360714
2022-10-20,0.031248593907535316,False,False,False,0.031248593907535316
2022-10-21,0.05708154448206426,False,False,False,0.05708154448206426
2022-10-24,0.023234980627551804,False,False,False,0.023234980627551804
2022-10-25,0.027570605236216572,False,False,False,0.027570605236216572
2022-10-26,-0.0039506470445414,False,False,False,-0.0039506470445414
2022-10-27,-0.01999613108363396,False,False,False,-0.01999613108363396
2022-10-28,0.0311332525244441,False,False,False,0.0311332525244441
2022-10-31,-0.03426133327613967,False,False,False,-0.03426133327613967
2022-11-01,0.006265583568643596,False,False,False,0.006265583568643596
2022-11-02,-0.06110898692212641,True,False,True,-0.06110898692212641
2022-11-03,-0.011393556400507321,False,False,False,-0.011393556400507321
2022-11-04,0.06555742568568057,True,False,True,0.06519911284179133
2022-11-07,0.031210021497198426,False,False,False,0.031210021497198426
2022-11-08,0.041788146645413526,False,False,False,0.041788146645413526
2022-11-09,-0.02805860867001042,False,False,False,-0.02805860867001042
2022-11-10,0.1457320356544931,True,True,True,0.06519911284179133
2022-11-11,0.027906912709375398,False,False,False,0.027906912709375398
2022-11-14,0.002394125174347783,False,False,False,0.002394125174347783
2022-11-15,0.03400707998625907,False,False,False,0.03400707998625907
2022-11-16,-0.03476288365851943,False,False,False,-0.03476288365851943
2022-11-17,0.02138020541209218,False,False,False,0.02138020541209218
2022-11-18,0.007011414451653097,False,False,False,0.007011414451653097
2022-11-21,-0.021697416648804424,False,False,False,-0.021697416648804424
2022-11-22,0.027434584972073184,False,False,False,0.027434584972073184
2022-11-23,0.01281423216898192,False,False,False,0.01281423216898192
2022-11-25,-0.019888935254369633,False,False,False,-0.019888935254369633
2022-11-28,-0.014362230046064295,False,False,False,-0.014362230046064295
2022-11-29,-0.007748509189820507,False,False,False,-0.007748509189820507
2022-11-30,0.05062044012330058,False,False,False,0.05062044012330058
2022-12-01,0.005163364744570131,False,False,False,0.005163364744570131
2022-12-02,-0.009079364555509395,False,False,False,-0.009079364555509395
2022-12-05,-0.008122792110591637,False,False,False,-0.008122792110591637
2022-12-06,-0.012883191307182962,False,False,False,-0.012883191307182962
2022-12-07,0.013995705969122918,False,False,False,0.013995705969122918
2022-12-08,0.009212523672994744,False,False,False,0.009212523672994744
2022-12-09,-0.015142811737564266,False,False,False,-0.015142811737564266
2022-12-12,0.02056203978234783,False,False,False,0.02056203978234783
2022-12-13,0.02996768372100611,False,False,False,0.02996768372100611
2022-12-14,-0.01975261708747955,False,False,False,-0.01975261708747955
2022-12-15,-0.04793302569951852,False,False,False,-0.04793302569951852
2022-12-16,-0.020500086969615472,False,False,False,-0.020500086969615472
2022-12-19,-0.00994207413223136,False,False,False,-0.00994207413223136
2022-12-20,-0.009584744301150083,False,False,False,-0.009584744301150083
2022-12-21,0.0316074639179178,False,False,False,0.0316074639179178
2022-12-22,-0.043049609369180786,False,False,False,-0.043049609369180786
2022-12-23,-0.00823832917366396,False,False,False,-0.00823832917366396
2022-12-27,-0.025735607567555996,False,False,False,-0.025735607567555996
2022-12-28,-0.010313142745871251,False,False,False,-0.010313142745871251
2022-12-29,0.03729974077590148,False,False,False,0.03729974077590148
2022-12-30,-0.009193473578769651,False,False,False,-0.009193473578769651
2023-01-03,0.0058015293967363935,False,False,False,0.0058015293967363935
2023-01-04,0.038684742326230426,False,False,False,0.038684742326230426
2023-01-05,-0.00965261599036904,False,False,False,-0.00965261599036904
2023-01-06,0.05400470907714383,False,False,False,0.05400470907714383
2023-01-09,0.0427626598240447,False,False,False,0.0427626598240447
2023-01-10,0.019409759564335438,False,False,False,0.019409759564335438
2023-01-11,0.01782459263936964,False,False,False,0.01782459263936964
2023-01-12,0.01222331164910262,False,False,False,0.01222331164910262
2023-01-13,0.010926157199152797,False,False,False,0.010926157199152797
2023-01-17,-0.0022738723086486168,False,False,False,-0.0022738723086486168
2023-01-18,-0.008963915599680239,False,False,False,-0.008963915599680239
2023-01-19,-0.03378857710342553,False,False,False,-0.03378857710342553
2023-01-20,0.029512029513412585,False,False,False,0.029512029513412585
2023-01-23,0.0418895690191472,False,False,False,0.0418895690191472
2023-01-24,-0.008905118416854707,False,False,False,-0.008905118416854707
2023-01-25,0.01719384125176293,False,False,False,0.01719384125176293
2023-01-26,0.0034775549476977474,False,False,False,0.0034775549476977474
2023-01-27,-0.024140898367020935,False,False,False,-0.024140898367020935
2023-01-30,-0.025592297503892913,False,False,False,-0.025592297503892913
2023-01-31,0.016192362443285813,False,False,False,0.016192362443285813
2023-02-01,0.026768829803762495,False,False,False,0.026768829803762495
2023-02-02,0.026557372927400458,False,False,False,0.026557372927400458
2023-02-03,-0.02430540347123511,False,False,False,-0.02430540347123511
2023-02-06,-0.023830364058159414,False,False,False,-0.023830364058159414
2023-02-07,0.02530323450134775,False,False,False,0.02530323450134775
2023-02-08,-0.023470605083201646,False,False,False,-0.023470605083201646
2023-02-09,0.002021686828074687,False,False,False,0.002021686828074687
2023-02-10,-0.01171452981682597,False,False,False,-0.01171452981682597
2023-02-13,0.018877181092434636,False,False,False,0.018877181092434636
2023-02-14,0.01306938040564698,False,False,False,0.01306938040564698
2023-02-15,-0.0009889249393683075,False,False,False,-0.0009889249393683075
2023-02-16,-0.030333614314024815,False,False,False,-0.030333614314024815
2023-02-17,-0.006628274839487913,False,False,False,-0.006628274839487913
2023-02-21,-0.033975841269584084,False,False,False,-0.033975841269584084
2023-02-22,-0.008844440888709615,False,False,False,-0.008844440888709615
2023-02-23,0.022236050104042615,False,False,False,0.022236050104042615
2023-02-24,-0.030889090237456895,False,False,False,-0.030889090237456895
2023-02-27,0.022154636784758486,False,False,False,0.022154636784758486
2023-02-28,-0.022702852209276814,False,False,False,-0.022702852209276814
2023-03-01,-0.004500238307662552,False,False,False,-0.004500238307662552
2023-03-02,0.014993105369890847,False,False,False,0.014993105369890847
2023-03-03,0.02116398745895287,False,False,False,0.02116398745895287
2023-03-06,-0.025745963400877425,False,False,False,-0.025745963400877425
2023-03-07,-0.01909920390636244,False,False,False,-0.01909920390636244
2023-03-08,0.016893640645346597,False,False,False,0.016893640645346597
2023-03-09,-0.02366821529299512,False,False,False,-0.02366821529299512
2023-03-10,-0.005837101334392747,False,False,False,-0.005837101334392747
2023-03-13,0.005937921838959692,False,False,False,0.005937921838959692
2023-03-14,0.025662419096448286,False,False,False,0.025662419096448286
2023-03-15,-0.02194103239874856,False,False,False,-0.02194103239874856
2023-03-16,0.039344497318575034,False,False,False,0.039344497318575034
2023-03-17,0.004963869305629753,False,False,False,0.004963869305629753
2023-03-20,0.019946817245581228,False,False,False,0.019946817245581228
2023-03-21,-0.006498369424011163,False,False,False,-0.006498369424011163
2023-03-22,-0.002740868753515757,False,False,False,-0.002740868753515757
2023-03-23,0.03715033162922521,False,False,False,0.03715033162922521
2023-03-24,-0.025039077225577744,False,False,False,-0.025039077225577744
2023-03-27,-0.005374234854658044,False,False,False,-0.005374234854658044
2023-03-28,-0.006738609346348956,False,False,False,-0.006738609346348956
2023-03-29,0.03034188606931343,False,False,False,0.03034188606931343
2023-03-30,0.026641570320683483,False,False,False,0.026641570320683483
2023-03-31,0.005955529864686504,False,False,False,0.005955529864686504
2023-04-03,-0.00987198680339929,False,False,False,-0.00987198680339929
2023-04-04,-0.007878623187737799,False,False,False,-0.007878623187737799
2023-04-05,-0.0071482963496471985,False,False,False,-0.0071482963496471985
2023-04-06,-0.010212249721275657,False,False,False,-0.010212249721275657
2023-04-10,0.006878568100613158,False,False,False,0.006878568100613158
2023-04-11,-0.0028265290341772387,False,False,False,-0.0028265290341772387
2023-04-12,-0.0077452216440205834,False,False,False,-0.0077452216440205834
2023-04-13,0.016420944825682238,False,False,False,0.016420944825682238
2023-04-14,0.0011872470471010477,False,False,False,0.0011872470471010477
2023-04-17,-0.040768583431376126,False,False,False,-0.040768583431376126
2023-04-18,0.00671308039110885,False,False,False,0.00671308039110885
2023-04-19,-0.03066859203238137,False,False,False,-0.03066859203238137
2023-04-20,0.01598772524628367,False,False,False,0.01598772524628367
2023-04-21,0.0014206721128380284,False,False,False,0.0014206721128380284
2023-04-24,-0.011174662995601992,False,False,False,-0.011174662995601992
2023-04-25,-0.034460655332347656,False,False,False,-0.034460655332347656
2023-04-26,0.005513642007716424,False,False,False,0.005513642007716424
2023-04-27,0.03306527938608683,False,False,False,0.03306527938608683
2023-04-28,0.01210983445686864,False,False,False,0.01210983445686864
2023-05-01,-0.0026065879363950106,False,False,False,-0.0026065879363950106
2023-05-02,-0.0018104054594239027,False,False,False,-0.0018104054594239027
2023-05-03,0.0010881153988269165,False,False,False,0.0010881153988269165
2023-05-04,0.0004883122191396971,False,False,False,0.0004883122191396971
2023-05-05,0.024045538692597956,False,False,False,0.024045538692597956
2023-05-08,0.0071809188006957125,False,False,False,0.0071809188006957125
2023-05-09,-0.018229271645807676,False,False,False,-0.018229271645807676
2023-05-10,0.021911328271202457,False,False,False,0.021911328271202457
2023-05-11,-0.01057625156028763,False,False,False,-0.01057625156028763
2023-05-12,-0.004121634611525815,False,False,False,-0.004121634611525815
2023-05-15,0.012632727690709222,False,False,False,0.012632727690709222
2023-05-16,-0.005551336000748863,False,False,False,-0.005551336000748863
2023-05-17,0.028295507566280964,False,False,False,0.028295507566280964
2023-05-18,0.03792689332634458,False,False,False,0.03792689332634458
2023-05-19,-0.002773318154744464,False,False,False,-0.002773318154744464
2023-05-22,0.006685896773678479,False,False,False,0.006685896773678479
2023-05-23,-0.024604894959380563,False,False,False,-0.024604894959380563
2023-05-24,-0.021512994324837664,False,False,False,-0.021512994324837664
2023-05-25,0.06252347963756377,True,False,True,0.06252347963756377
2023-05-26,0.03874488655047692,False,False,False,0.03874488655047692
2023-05-30,-0.010422109094298193,False,False,False,-0.010422109094298193
2023-05-31,-0.007318976387484466,False,False,False,-0.007318976387484466
2023-06-01,0.005311723096366183,False,False,False,0.005311723096366183
2023-06-02,-0.00291695795214042,False,False,False,-0.00291695795214042
2023-06-05,-0.003380994704828666,False,False,False,-0.003380994704828666
2023-06-06,-0.007712532066730615,False,False,False,-0.007712532066730615
2023-06-07,-0.008958527020358709,False,False,False,-0.008958527020358709
2023-06-08,0.013854933291904237,False,False,False,0.013854933291904237
2023-06-09,-0.005818991922332928,False,False,False,-0.005818991922332928
2023-06-12,0.019989953602235877,False,False,False,0.019989953602235877
2023-06-13,0.009723835184809682,False,False,False,0.009723835184809682
2023-06-14,0.003987560288244207,False,False,False,0.003987560288244207
2023-06-15,-0.0020533842987821016,False,False,False,-0.0020533842987821016
2023-06-16,-0.022756579219600503,False,False,False,-0.022756579219600503
2023-06-20,-0.002036329474167209,False,False,False,-0.002036329474167209
2023-06-21,-0.018198007463925414,False,False,False,-0.018198007463925414
2023-06-22,0.014293939570943826,False,False,False,0.014293939570943826
2023-06-23,-0.027209034553662192,False,False,False,-0.027209034553662192
2023-06-26,0.003367312093373931,False,False,False,0.003367312093373931
2023-06-27,0.03547358833436043,False,False,False,0.03547358833436043
2023-06-28,-0.0012274927180275785,False,False,False,-0.0012274927180275785
2023-06-29,-0.0011601134085278408,False,False,False,-0.0011601134085278408
2023-06-30,0.0019355676531396249,False,False,False,0.0019355676531396249
2023-07-03,0.012597517219812948,False,False,False,0.012597517219812948
2023-07-05,-0.02481327126396493,False,False,False,-0.02481327126396493
2023-07-06,-0.022859797242601454,False,False,False,-0.022859797242601454
2023-07-07,-0.003675235968823465,False,False,False,-0.003675235968823465
2023-07-10,0.018787708612002074,False,False,False,0.018787708612002074
2023-07-11,-0.0068044411967322915,False,False,False,-0.0068044411967322915
2023-07-12,0.028170203128641935,False,False,False,0.028170203128641935
2023-07-13,0.03570340374803194,False,False,False,0.03570340374803194
2023-07-14,0.004369094293439568,False,False,False,0.004369094293439568
2023-07-17,0.0006232303253790317,False,False,False,0.0006232303253790317
2023-07-18,0.0033665919294512126,False,False,False,0.0033665919294512126
2023-07-19,-0.0544893179553515,False,False,False,-0.0544893179553515
2023-07-20,-0.055394076163610695,False,False,False,-0.055394076163610695
2023-07-21,0.02548331849526253,False,False,False,0.02548331849526253
2023-07-24,-0.012807273446049372,False,False,False,-0.012807273446049372
2023-07-25,0.004119921473612287,False,False,False,0.004119921473612287
2023-07-26,-0.004365065949647251,False,False,False,-0.004365065949647251
2023-07-27,0.034809430149809195,False,False,False,0.034809430149809195
2023-07-28,0.014475054031627188,False,False,False,0.014475054031627188
2023-07-31,-0.0027284583332612966,False,False,False,-0.0027284583332612966
2023-08-01,-0.008543288489654022,False,False,False,-0.008543288489654022
2023-08-02,-0.03619255873959959,False,False,False,-0.03619255873959959
2023-08-03,-0.0030014275225994647,False,False,False,-0.0030014275225994647
2023-08-04,-0.004360998167033614,False,False,False,-0.004360998167033614
2023-08-07,0.022683084010789,False,False,False,0.022683084010789
2023-08-08,-0.02026189908527609,False,False,False,-0.02026189908527609
2023-08-09,-0.010127228613038719,False,False,False,-0.010127228613038719
2023-08-10,0.007910994376864044,False,False,False,0.007910994376864044
2023-08-11,-0.023649591618960963,False,False,False,-0.023649591618960963
2023-08-14,0.007207702053672493,False,False,False,0.007207702053672493
2023-08-15,-0.022278858896561338,False,False,False,-0.022278858896561338
2023-08-16,-0.008071288726705372,False,False,False,-0.008071288726705372
2023-08-17,-0.0032484568966707483,False,False,False,-0.0032484568966707483
2023-08-18,0.017056297296829337,False,False,False,0.017056297296829337
2023-08-21,0.010971503206989919,False,False,False,0.010971503206989919
2023-08-22,0.007546965733351119,False,False,False,0.007546965733351119
2023-08-23,0.014381617917389677,False,False,False,0.014381617917389677
2023-08-24,-0.04327139886550413,False,False,False,-0.04327139886550413
2023-08-25,0.004924023029871716,False,False,False,0.004924023029871716
2023-08-28,0.012257880834807722,False,False,False,0.012257880834807722
2023-08-29,0.012928856765435981,False,False,False,0.012928856765435981
2023-08-30,0.0030710691081556885,False,False,False,0.0030710691081556885
2023-08-31,-0.013486516029958207,False,False,False,-0.013486516029958207
2023-09-01,0.003012865962469524,False,False,False,0.003012865962469524
2023-09-05,0.0015696491091332643,False,False,False,0.0015696491091332643
2023-09-06,0.003737488340200379,False,False,False,0.003737488340200379
2023-09-07,-0.042414819159491746,False,False,False,-0.042414819159491746
2023-09-08,-0.015569460216725117,False,False,False,-0.015569460216725117
2023-09-11,-0.00023872981521144698,False,False,False,-0.00023872981521144698
2023-09-12,-0.014194582817797063,False,False,False,-0.014194582817797063
2023-09-13,-0.002828063251005486,False,False,False,-0.002828063251005486
2023-09-14,0.0078598833318817,False,False,False,0.0078598833318817
2023-09-15,-0.04058526833603493,False,False,False,-0.04058526833603493
2023-09-18,0.0017932969901783835,False,False,False,0.0017932969901783835
2023-09-19,-0.006625115412947302,False,False,False,-0.006625115412947302
2023-09-20,-0.006551225400280192,False,False,False,-0.006551225400280192
2023-09-21,-0.013155331164195094,False,False,False,-0.013155331164195094
2023-09-22,0.00855503337387331,False,False,False,0.00855503337387331
2023-09-25,-0.0016521897691147425,False,False,False,-0.0016521897691147425
2023-09-26,-0.022895971082825595,False,False,False,-0.022895971082825595
2023-09-27,0.0031779661016948513,False,False,False,0.0031779661016948513
2023-09-28,0.010652127917029741,False,False,False,0.010652127917029741
2023-09-29,0.01379478800932965,False,False,False,0.01379478800932965
2023-10-02,-0.011008155655843233,False,False,False,-0.011008155655843233
2023-10-03,-0.019890656597061906,False,False,False,-0.019890656597061906
2023-10-04,0.0355064574923174,False,False,False,0.0355064574923174
2023-10-05,-0.015519651118654165,False,False,False,-0.015519651118654165
2023-10-06,0.026938893473033687,False,False,False,0.026938893473033687
2023-10-09,-0.010027621826909194,False,False,False,-0.010027621826909194
2023-10-10,0.01822902635758039,False,False,False,0.01822902635758039
2023-10-11,0.00670918051681646,False,False,False,0.00670918051681646
2023-10-12,0.017436910383508586,False,False,False,0.017436910383508586
2023-10-13,-0.027579862470051397,False,False,False,-0.027579862470051397
2023-10-16,0.006752980707762646,False,False,False,0.006752980707762646
2023-10-17,0.00799930516707037,False,False,False,0.00799930516707037
2023-10-18,-0.041700124297389785,False,False,False,-0.041700124297389785
2023-10-19,0.0076808701493045195,False,False,False,0.0076808701493045195
2023-10-20,-0.012982072260885213,False,False,False,-0.012982072260885213
2023-10-23,0.013256369345926888,False,False,False,0.013256369345926888
2023-10-24,0.022048685336458984,False,False,False,0.022048685336458984
2023-10-25,-0.028980418248675033,False,False,False,-0.028980418248675033
2023-10-26,0.008331410817232099,False,False,False,0.008331410817232099
2023-10-27,0.0030601298602892513,False,False,False,0.0030601298602892513
2023-10-30,-0.0018983278786700586,False,False,False,-0.0018983278786700586
2023-10-31,0.016862492212979197,False,False,False,0.016862492212979197
2023-11-01,0.01840005333348782,False,False,False,0.01840005333348782
2023-11-02,0.038009432270661225,False,False,False,0.038009432270661225
2023-11-03,0.017453510414877416,False,False,False,0.017453510414877416
2023-11-06,-0.007736380942554577,False,False,False,-0.007736380942554577
2023-11-07,-0.001772735433786199,False,False,False,-0.001772735433786199
2023-11-08,0.004683314846692044,False,False,False,0.004683314846692044
2023-11-09,-0.007868145693391448,False,False,False,-0.007868145693391448
2023-11-10,0.04260084265445907,False,False,False,0.04260084265445907
2023-11-13,-0.010101764720952477,False,False,False,-0.010101764720952477
2023-11-14,0.03179052317162245,False,False,False,0.03179052317162245
2023-11-15,0.0038346367814976468,False,False,False,0.0038346367814976468
2023-11-16,0.00423319439426173,False,False,False,0.00423319439426173
2023-11-17,0.007666708106695896,False,False,False,0.007666708106695896
2023-11-20,0.011980816706652853,False,False,False,0.011980816706652853
2023-11-21,-0.014244298268853761,False,False,False,-0.014244298268853761
2023-11-22,0.0005551383861976955,False,False,False,0.0005551383861976955
2023-11-24,0.009316635873354961,False,False,False,0.009316635873354961
2023-11-27,-0.004051028376163335,False,False,False,-0.004051028376163335
2023-11-28,-0.017998792457765256,False,False,False,-0.017998792457765256
2023-11-29,0.017189472102322467,False,False,False,0.017189472102322467
2023-11-30,-0.0055989158434346376,False,False,False,-0.0055989158434346376
2023-12-01,0.01234347303890404,False,False,False,0.01234347303890404
2023-12-04,-0.002715999978562089,False,False,False,-0.002715999978562089
2023-12-05,0.006098577897153623,False,False,False,0.006098577897153623
2023-12-06,-0.0035276083314051965,False,False,False,-0.0035276083314051965
2023-12-07,0.010938160836608146,False,False,False,0.010938160836608146
2023-12-08,-0.004602306314159588,False,False,False,-0.004602306314159588
2023-12-11,0.0198295333630516,False,False,False,0.0198295333630516
2023-12-12,0.014530373023053045,False,False,False,0.014530373023053045
2023-12-13,0.020442407991272837,False,False,False,0.020442407991272837
2023-12-14,0.02505153655237602,False,False,False,0.02505153655237602
2023-12-15,-0.0009952453490614799,False,False,False,-0.0009952453490614799
2023-12-18,-0.014476227983859502,False,False,False,-0.014476227983859502
2023-12-19,0.0035847072266903535,False,False,False,0.0035847072266903535
2023-12-20,-0.020289574712567315,False,False,False,-0.020289574712567315
2023-12-21,0.03516954528070371,False,False,False,0.03516954528070371
2023-12-22,-0.0036277787947266438,False,False,False,-0.0036277787947266438
2023-12-26,0.01348769200962896,False,False,False,0.01348769200962896
2023-12-27,0.0017701617450334162,False,False,False,0.0017701617450334162
2023-12-28,-0.008088701455530867,False,False,False,-0.008088701455530867
2023-12-29,-0.0012271440244139287,False,False,False,-0.0012271440244139287
2024-01-02,-0.052845912317019406,False,False,False,-0.052845912317019406
2024-01-03,-0.018900225538016957,False,False,False,-0.018900225538016957
2024-01-04,-0.004378859181170092,False,False,False,-0.004378859181170092
2024-01-05,0.004355384315054112,False,False,False,0.004355384315054112
2024-01-08,0.024881255983353334,False,False,False,0.024881255983353334
2024-01-09,-0.006783811969146236,False,False,False,-0.006783811969146236
2024-01-10,0.0025700273955473474,False,False,False,0.0025700273955473474
2024-01-11,0.0010310954083694313,False,False,False,0.0010310954083694313
2024-01-12,-0.007390252614602355,False,False,False,-0.007390252614602355
2024-01-16,-0.009422024133121987,False,False,False,-0.009422024133121987
2024-01-17,0.008167127105548566,False,False,False,0.008167127105548566
2024-01-18,0.04529165507062749,False,False,False,0.04529165507062749
2024-01-19,0.01786365902015752,False,False,False,0.01786365902015752
2024-01-22,0.011678124855434957,False,False,False,0.011678124855434957
2024-01-23,0.015273564534697304,False,False,False,0.015273564534697304
2024-01-24,0.08854174237692525,True,True,True,0.06519911284179133
2024-01-25,0.02569313929920769,False,False,False,0.02569313929920769
2024-01-26,-0.0015303928579863957,False,False,False,-0.0015303928579863957
2024-01-29,0.01713630343021766,False,False,False,0.01713630343021766
2024-01-30,-0.016530256631696494,False,False,False,-0.016530256631696494
2024-01-31,0.0020621292841804806,False,False,False,0.0020621292841804806
2024-02-01,0.0238209328129122,False,False,False,0.0238209328129122
2024-02-02,0.0001346946659384063,False,False,False,0.0001346946659384063
2024-02-05,0.010612996173659406,False,False,False,0.010612996173659406
2024-02-06,0.007067018872745967,False,False,False,0.007067018872745967
2024-02-07,0.019162526614620257,False,False,False,0.019162526614620257
2024-02-08,0.0007698650343537228,False,False,False,0.0007698650343537228
2024-02-09,0.028885882596920043,False,False,False,0.028885882596920043
2024-02-12,-0.02147206086753506,False,False,False,-0.02147206086753506
2024-02-13,-0.02786245435634982,False,False,False,-0.02786245435634982
2024-02-14,0.023380467158375717,False,False,False,0.023380467158375717
2024-02-15,0.0058414065044463115,False,False,False,0.0058414065044463115
2024-02-16,-0.0009679469627196235,False,False,False,-0.0009679469627196235
2024-02-20,-0.02085168707346763,False,False,False,-0.02085168707346763
2024-02-21,-0.0014952699998893593,False,False,False,-0.0014952699998893593
2024-02-22,0.04805050605412364,False,False,False,0.04805050605412364
2024-02-23,-0.019540809014964466,False,False,False,-0.019540809014964466
2024-02-26,0.015365682895944976,False,False,False,0.015365682895944976
2024-02-27,-0.0065640324709022035,False,False,False,-0.0065640324709022035
2024-02-28,-0.001986535384071453,False,False,False,-0.001986535384071453
2024-02-29,0.012964329583498468,False,False,False,0.012964329583498468
2024-03-01,0.04125343511093926,False,False,False,0.04125343511093926
2024-03-04,0.007164839455088501,False,False,False,0.007164839455088501
2024-03-05,-0.029257343046654616,False,False,False,-0.029257343046654616
2024-03-06,0.03621867859781025,False,False,False,0.03621867859781025
2024-03-07,0.043289835692657874,False,False,False,0.043289835692657874
2024-03-08,-0.05065921716598787,False,False,False,-0.05065921716598787
2024-03-11,-0.03184066260638374,False,False,False,-0.03184066260638374
2024-03-12,0.022458430658499617,False,False,False,0.022458430658499617
2024-03-13,-0.015757459843670052,False,False,False,-0.015757459843670052
2024-03-14,-0.009290085574038431,False,False,False,-0.009290085574038431
2024-03-15,-0.020390097717356115,False,False,False,-0.020390097717356115
2024-03-18,0.0012018734468224324,False,False,False,0.0012018734468224324
2024-03-19,0.011228564217894199,False,False,False,0.011228564217894199
2024-03-20,0.01997037823192982,False,False,False,0.01997037823192982
2024-03-21,0.020465169619604984,False,False,False,0.020465169619604984
2024-03-22,-0.010930666892594032,False,False,False,-0.010930666892594032
2024-03-25,-0.0010509610284680226,False,False,False,-0.0010509610284680226
2024-03-26,-0.007794284704030763,False,False,False,-0.007794284704030763
2024-03-27,0.0027901212664089847,False,False,False,0.0027901212664089847
2024-03-28,-0.0036346125683350827,False,False,False,-0.0036346125683350827
2024-04-01,0.02316413454994337,False,False,False,0.02316413454994337
2024-04-02,-0.026426281608985303,False,False,False,-0.026426281608985303
2024-04-03,0.014026996288586613,False,False,False,0.014026996288586613
2024-04-04,-0.027400715568349665,False,False,False,-0.027400715568349665
2024-04-05,0.027417426778262977,False,False,False,0.027417426778262977
2024-04-08,0.0032260351204187465,False,False,False,0.0032260351204187465
2024-04-09,0.00724519301096449,False,False,False,0.00724519301096449
2024-04-10,-0.015376377604344849,False,False,False,-0.015376377604344849
2024-04-11,0.018027742363801336,False,False,False,0.018027742363801336
2024-04-12,-0.030579199933113088,False,False,False,-0.030579199933113088
2024-04-15,-0.007298442873933553,False,False,False,-0.007298442873933553
2024-04-16,0.023145733015548453,False,False,False,0.023145733015548453
2024-04-17,-0.0709474466984823,True,False,True,-0.0657800946533667
2024-04-18,-0.020471394411343158,False,False,False,-0.020471394411343158
2024-04-19,-0.03317101842250403,False,False,False,-0.03317101842250403
2024-04-22,0.014554316513622156,False,False,False,0.014554316513622156
2024-04-23,0.03385137294357499,False,False,False,0.03385137294357499
2024-04-24,-0.010259975845590907,False,False,False,-0.010259975845590907
2024-04-25,0.0114197345768563,False,False,False,0.0114197345768563
2024-04-26,0.020355440393388546,False,False,False,0.020355440393388546
2024-04-29,-0.010011109454095335,False,False,False,-0.010011109454095335
2024-04-30,-0.04099946907191565,False,False,False,-0.04099946907191565
2024-05-01,-0.022499176655346287,False,False,False,-0.022499176655346287
2024-05-02,0.020449240215052678,False,False,False,0.020449240215052678
2024-05-03,0.03602290881931225,False,False,False,0.03602290881931225
2024-05-06,0.016958224460140503,False,False,False,0.016958224460140503
2024-05-07,-0.009488430582318297,False,False,False,-0.009488430582318297
2024-05-08,0.0035784536197416283,False,False,False,0.0035784536197416283
2024-05-09,0.002271056127259641,False,False,False,0.002271056127259641
2024-05-10,0.018335283228314125,False,False,False,0.018335283228314125
2024-05-13,-0.014027799764942062,False,False,False,-0.014027799764942062
2024-05-14,-0.002409338393890792,False,False,False,-0.002409338393890792
2024-05-15,0.02446902585468358,False,False,False,0.02446902585468358
2024-05-16,-0.01907365183881715,False,False,False,-0.01907365183881715
2024-05-17,0.005905158959285783,False,False,False,0.005905158959285783
2024-05-20,0.01564372652099255,False,False,False,0.01564372652099255
2024-05-21,-0.015083403149030117,False,False,False,-0.015083403149030117
2024-05-22,-0.0031774711358514285,False,False,False,-0.0031774711358514285
2024-05-23,0.012923762529569949,False,False,False,0.012923762529569949
2024-05-24,0.023516263168273266,False,False,False,0.023516263168273266
2024-05-28,0.03726118943287737,False,False,False,0.03726118943287737
2024-05-29,-0.03424906191113286,False,False,False,-0.03424906191113286
2024-05-30,0.008602353955495134,False,False,False,0.008602353955495134
2024-05-31,-0.005972373992841562,False,False,False,-0.005972373992841562
2024-06-03,0.005341742336966826,False,False,False,0.005341742336966826
2024-06-04,-0.015194425099911868,False,False,False,-0.015194425099911868
2024-06-05,0.09521335511870532,True,True,True,0.06519911284179133
2024-06-06,0.010822743577977523,False,False,False,0.010822743577977523
2024-06-07,-0.02298090138640252,False,False,False,-0.02298090138640252
2024-06-10,0.012922690369904677,False,False,False,0.012922690369904677
2024-06-11,-0.00547182890893827,False,False,False,-0.00547182890893827
2024-06-12,0.031708151450585254,False,False,False,0.031708151450585254
2024-06-13,-0.015109579023616981,False,False,False,-0.015109579023616981
2024-06-14,-0.023567625824774785,False,False,False,-0.023567625824774785
2024-06-17,0.023903126963396693,False,False,False,0.023903126963396693
2024-06-18,0.008465783850494235,False,False,False,0.008465783850494235
2024-06-20,-0.010024726389455063,False,False,False,-0.010024726389455063
2024-06-21,-0.013457140163976367,False,False,False,-0.013457140163976367
2024-06-24,-0.033368763221589326,False,False,False,-0.033368763221589326
2024-06-25,0.021287255032194308,False,False,False,0.021287255032194308
2024-06-26,-0.006586353049035876,False,False,False,-0.006586353049035876
2024-06-27,0.011223721619955329,False,False,False,0.011223721619955329
2024-06-28,-0.0051361831801279845,False,False,False,-0.0051361831801279845
2024-07-01,0.010520830842763118,False,False,False,0.010520830842763118
2024-07-02,0.01393337905718739,False,False,False,0.01393337905718739
2024-07-03,0.02244536694070387,False,False,False,0.02244536694070387
2024-07-05,0.002865251433286753,False,False,False,0.002865251433286753
2024-07-08,0.002708250188569794,False,False,False,0.002708250188569794
2024-07-09,-0.016168794854799273,False,False,False,-0.016168794854799273
2024-07-10,0.03677469643901654,False,False,False,0.03677469643901654
2024-07-11,-0.03316804685639019,False,False,False,-0.03316804685639019
2024-07-12,0.02142113373620158,False,False,False,0.02142113373620158
2024-07-15,-0.01993065859802512,False,False,False,-0.01993065859802512
2024-07-16,0.0042872728788903025,False,False,False,0.0042872728788903025
2024-07-17,-0.1274399081001344,True,True,True,-0.0657800946533667
2024-07-18,-0.00848651284151758,False,False,False,-0.00848651284151758
2024-07-19,-0.03114212334907096,False,False,False,-0.03114212334907096
2024-07-22,0.05125251305758072,False,False,False,0.05125251305758072
2024-07-23,-0.008977391192590778,False,False,False,-0.008977391192590778
2024-07-24,-0.06438608221561715,True,False,True,-0.06438608221561715
2024-07-25,-0.011595465474307454,False,False,False,-0.011595465474307454
2024-07-26,0.029862123842344657,False,False,False,0.029862123842344657
2024-07-29,-0.018265644946091175,False,False,False,-0.018265644946091175
2024-07-30,-0.011843103455825177,False,False,False,-0.011843103455825177
2024-07-31,0.0888821882853088,True,True,True,0.06519911284179133
2024-08-01,-0.056570875548996424,False,False,False,-0.056570875548996424
2024-08-02,-0.0841453458379815,True,True,True,-0.0657800946533667
2024-08-05,0.01359116377990821,False,False,False,0.01359116377990821
2024-08-06,0.02762236664280704,False,False,False,0.02762236664280704
2024-08-07,-0.007900244562113912,False,False,False,-0.007900244562113912
2024-08-08,0.04818559186893223,False,False,False,0.04818559186893223
2024-08-09,-0.018365496481139942,False,False,False,-0.018365496481139942
2024-08-12,-0.008936035322055225,False,False,False,-0.008936035322055225
2024-08-13,0.019499039364570647,False,False,False,0.019499039364570647
2024-08-14,0.011604546843004382,False,False,False,0.011604546843004382
2024-08-15,0.055333180770546386,False,False,False,0.055333180770546386
2024-08-16,-0.010331221132534596,False,False,False,-0.010331221132534596
2024-08-19,0.015772977276365507,False,False,False,0.015772977276365507
2024-08-20,-0.007469357154984646,False,False,False,-0.007469357154984646
2024-08-21,0.018819297609641294,False,False,False,0.018819297609641294
2024-08-22,-0.038045369510030125,False,False,False,-0.038045369510030125
2024-08-23,-0.0004957931074327515,False,False,False,-0.0004957931074327515
2024-08-26,-0.02639815413843949,False,False,False,-0.02639815413843949
2024-08-27,0.007437976723331241,False,False,False,0.007437976723331241
2024-08-28,-0.0019666010142728174,False,False,False,-0.0019666010142728174
2024-08-29,-0.0004728727424064827,False,False,False,-0.0004728727424064827
2024-08-30,0.01820406739674918,False,False,False,0.01820406739674918
2024-09-03,-0.06469951937056806,True,False,True,-0.06469951937056806
2024-09-04,-0.0401117306734865,False,False,False,-0.0401117306734865
2024-09-05,-0.01956912364695318,False,False,False,-0.01956912364695318
2024-09-06,-0.05380846837353792,False,False,False,-0.05380846837353792
2024-09-09,-0.003945234039348988,False,False,False,-0.003945234039348988
2024-09-10,0.0020804213679355144,False,False,False,0.0020804213679355144
2024-09-11,0.06489388338218194,True,False,True,0.06489388338218194
2024-09-12,3.7496471259279573e-05,False,False,False,3.7496471259279573e-05
2024-09-13,0.02023327462692026,False,False,False,0.02023327462692026
2024-09-16,-0.01631644455503356,False,False,False,-0.01631644455503356
2024-09-17,0.0033000995963243795,False,False,False,0.0033000995963243795
2024-09-18,-0.022154957804876863,False,False,False,-0.022154957804876863
2024-09-19,0.05117782635991519,False,False,False,0.05117782635991519
2024-09-20,-0.03970234396186634,False,False,False,-0.03970234396186634
2024-09-23,0.010335889346458016,False,False,False,0.010335889346458016
2024-09-24,0.01306781358628406,False,False,False,0.01306781358628406
2024-09-25,0.005135197926041668,False,False,False,0.005135197926041668
2024-09-26,0.04187335333836395,False,False,False,0.04187335333836395
2024-09-27,-0.012786800022733136,False,False,False,-0.012786800022733136
2024-09-30,-0.009851004650515804,False,False,False,-0.009851004650515804
2024-10-01,-0.013081283815131961,False,False,False,-0.013081283815131961
2024-10-02,0.011965703465329769,False,False,False,0.011965703465329769
2024-10-03,0.0002643348266748724,False,False,False,0.0002643348266748724
2024-10-04,0.0007088918959061719,False,False,False,0.0007088918959061719
2024-10-07,-0.018907614038161658,False,False,False,-0.018907614038161658
2024-10-08,0.00857753775918324,False,False,False,0.00857753775918324
2024-10-09,0.026253910399280933,False,False,False,0.026253910399280933
2024-10-10,-0.014103419308951537,False,False,False,-0.014103419308951537
2024-10-11,0.008057831971906682,False,False,False,0.008057831971906682
2024-10-14,0.03756447033731902,False,False,False,0.03756447033731902
2024-10-15,-0.16261030003357113,True,True,True,-0.0657800946533667
2024-10-16,-0.06422239430336596,True,False,True,-0.06422239430336596
2024-10-17,0.024988277693942518,False,False,False,0.024988277693942518
2024-10-18,0.03234380573743767,False,False,False,0.03234380573743767
2024-10-21,-0.01266490984972135,False,False,False,-0.01266490984972135
2024-10-22,0.009536389220641261,False,False,False,0.009536389220641261
2024-10-23,-0.01704779882130547,False,False,False,-0.01704779882130547
2024-10-24,0.0030905033978099183,False,False,False,0.0030905033978099183
2024-10-25,0.0012520785446619165,False,False,False,0.0012520785446619165
2024-10-28,-0.004285485611630446,False,False,False,-0.004285485611630446
2024-10-29,0.011500513341411,False,False,False,0.011500513341411
2024-10-30,-0.04378153464593282,False,False,False,-0.04378153464593282
2024-10-31,-0.016495414247929774,False,False,False,-0.016495414247929774
2024-11-01,0.0032413246456590716,False,False,False,0.0032413246456590716
2024-11-04,-0.005290907168628789,False,False,False,-0.005290907168628789
2024-11-05,0.007896825367812443,False,False,False,0.007896825367812443
2024-11-06,-0.022218728212499372,False,False,False,-0.022218728212499372
2024-11-07,0.023857494536490664,False,False,False,0.023857494536490664
2024-11-08,-0.011429333807702613,False,False,False,-0.011429333807702613
2024-11-11,0.0027485608742694456,False,False,False,0.0027485608742694456
2024-11-12,-0.0031730272490921863,False,False,False,-0.0031730272490921863
2024-11-13,0.006321157361546925,False,False,False,0.006321157361546925
2024-11-14,0.02903146855726546,False,False,False,0.02903146855726546
2024-11-15,-0.04954113335811783,False,False,False,-0.04954113335811783
2024-11-18,0.010020754883208749,False,False,False,0.010020754883208749
2024-11-19,-0.004614896350626618,False,False,False,-0.004614896350626618
2024-11-20,-0.00563311837487257,False,False,False,-0.00563311837487257
2024-11-21,0.020852576279387414,False,False,False,0.020852576279387414
2024-11-22,0.0010712433887976047,False,False,False,0.0010712433887976047
2024-11-25,0.017224469607338477,False,False,False,0.017224469607338477
2024-11-26,-0.018262322400978026,False,False,False,-0.018262322400978026
2024-11-27,-0.002217395086551166,False,False,False,-0.002217395086551166
2024-11-29,0.024057477400087235,False,False,False,0.024057477400087235
2024-12-02,0.03620676486024732,False,False,False,0.03620676486024732
2024-12-03,0.009262560102365924,False,False,False,0.009262560102365924
2024-12-04,0.0025903321090390286,False,False,False,0.0025903321090390286
2024-12-05,-0.011695732044433083,False,False,False,-0.011695732044433083
2024-12-06,-0.00354182825546856,False,False,False,-0.00354182825546856
2024-12-09,-0.0034697183692626865,False,False,False,-0.0034697183692626865
2024-12-10,-0.0017692453945706843,False,False,False,-0.0017692453945706843
2024-12-11,0.01298789512102494,False,False,False,0.01298789512102494
2024-12-12,-0.0018616128695204681,False,False,False,-0.0018616128695204681
2024-12-13,0.007684755487476824,False,False,False,0.007684755487476824
2024-12-16,0.00528822454126443,False,False,False,0.00528822454126443
2024-12-17,0.017732983262258584,False,False,False,0.017732983262258584
2024-12-18,-0.02135496278579152,False,False,False,-0.02135496278579152
2024-12-19,-0.012828560396954125,False,False,False,-0.012828560396954125
2024-12-20,-0.006448410342362765,False,False,False,-0.006448410342362765
2024-12-23,0.021766268507317,False,False,False,0.021766268507317
2024-12-24,-0.0018444618930021361,False,False,False,-0.0018444618930021361
2024-12-26,-0.005349465820452037,False,False,False,-0.005349465820452037
2024-12-27,-0.0031709214668478314,False,False,False,-0.0031709214668478314
2024-12-30,-0.02443979073612912,False,False,False,-0.02443979073612912
2024-12-31,-0.004410010144142329,False,False,False,-0.004410010144142329
2025-01-02,0.010590338068824368,False,False,False,0.010590338068824368
2025-01-03,0.019902320864662704,False,False,False,0.019902320864662704
2025-01-06,0.07580219786824727,True,False,True,0.06519911284179133
2025-01-07,-0.014222331549938239,False,False,False,-0.014222331549938239
2025-01-08,-0.01795196239045138,False,False,False,-0.01795196239045138
2025-01-10,-0.006680252082930882,False,False,False,-0.006680252082930882
2025-01-13,-0.01569667460342694,False,False,False,-0.01569667460342694
2025-01-14,0.012207648156372874,False,False,False,0.012207648156372874
2025-01-15,-0.013567939917752847,False,False,False,-0.013567939917752847
2025-01-16,0.03301670601459605,False,False,False,0.03301670601459605
2025-01-17,0.008063591787175417,False,False,False,0.008063591787175417
2025-01-21,0.008818925582012804,False,False,False,0.008818925582012804
2025-01-22,0.004862423989705489,False,False,False,0.004862423989705489
2025-01-23,-0.02669852542698037,False,False,False,-0.02669852542698037
2025-01-24,-0.018747283932990744,False,False,False,-0.018747283932990744
2025-01-27,-0.0574940469254811,True,False,True,-0.0574940469254811
2025-01-28,-0.009853009193013462,False,False,False,-0.009853009193013462
2025-01-29,0.04287709795573469,False,False,False,0.04287709795573469
2025-01-30,0.034154162945560174,False,False,False,0.034154162945560174
2025-01-31,0.003148005967428924,False,False,False,0.003148005967428924
2025-02-03,-0.011159085141029479,False,False,False,-0.011159085141029479
2025-02-04,0.000478749592651706,False,False,False,0.000478749592651706
2025-02-05,0.015285568388596849,False,False,False,0.015285568388596849
2025-02-06,-0.004659388992198643,False,False,False,-0.004659388992198643
2025-02-07,-0.015464169052674559,False,False,False,-0.015464169052674559
2025-02-10,0.02250937286455934,False,False,False,0.02250937286455934
2025-02-11,0.014100783830270247,False,False,False,0.014100783830270247
2025-02-12,0.004236429440111822,False,False,False,0.004236429440111822
2025-02-13,0.027533544844032143,False,False,False,0.027533544844032143
2025-02-14,-0.03274173724651086,False,False,False,-0.03274173724651086
2025-02-18,-0.009753222419730867,False,False,False,-0.009753222419730867
2025-02-19,0.0007793563664557634,False,False,False,0.0007793563664557634
2025-02-20,-0.0022958151586094377,False,False,False,-0.0022958151586094377
2025-02-21,-0.007912907524210033,False,False,False,-0.007912907524210033
2025-02-24,-0.0016955842575521185,False,False,False,-0.0016955842575521185
2025-02-25,-0.007840197661239334,False,False,False,-0.007840197661239334
2025-02-26,0.022925537332343593,False,False,False,0.022925537332343593
2025-02-27,-0.0659097178027811,True,False,True,-0.0657800946533667
2025-02-28,0.016310679577580922,False,False,False,0.016310679577580922
2025-03-03,-0.0130027245538471,False,False,False,-0.0130027245538471
2025-03-04,0.011945145787346734,False,False,False,0.011945145787346734
2025-03-05,0.044520170867573094,False,False,False,0.044520170867573094
2025-03-06,-0.033673533639650644,False,False,False,-0.033673533639650644
2025-03-07,0.024313038873838844,False,False,False,0.024313038873838844
2025-03-10,-0.06706997584157426,True,False,True,-0.0657800946533667
2025-03-11,0.010393659273776334,False,False,False,0.010393659273776334
2025-03-12,0.019066704066445617,False,False,False,0.019066704066445617
2025-03-13,-0.012482767490920588,False,False,False,-0.012482767490920588
2025-03-14,0.02794450929236536,False,False,False,0.02794450929236536
2025-03-17,0.022871179928384278,False,False,False,0.022871179928384278
2025-03-18,0.0010679843306424797,False,False,False,0.0010679843306424797
2025-03-19,0.005197509896968988,False,False,False,0.005197509896968988
2025-03-20,-0.0011565259512896775,False,False,False,-0.0011565259512896775
2025-03-21,-0.024303242238943756,False,False,False,-0.024303242238943756
2025-03-24,0.016224181605819954,False,False,False,0.016224181605819954
2025-03-25,-0.001511376997148206,False,False,False,-0.001511376997148206
2025-03-26,-0.02886861479549141,False,False,False,-0.02886861479549141
2025-03-27,-0.02143792123939403,False,False,False,-0.02143792123939403
2025-03-28,-0.023239640524633898,False,False,False,-0.023239640524633898
2025-03-31,-0.01771472160927645,False,False,False,-0.01771472160927645
2025-04-01,0.007108040084727429,False,False,False,0.007108040084727429
2025-04-02,0.00250249501982025,False,False,False,0.00250249501982025
2025-04-03,-0.06844453748091373,True,False,True,-0.0657800946533667
2025-04-04,-0.02835265388477437,False,False,False,-0.02835265388477437
2025-04-07,0.016992849648547192,False,False,False,0.016992849648547192
2025-04-08,-0.03323923050362909,False,False,False,-0.03323923050362909
2025-04-09,0.15434100658760563,True,True,True,0.06519911284179133
2025-04-10,-0.054870062003909315,False,False,False,-0.054870062003909315
2025-04-11,0.029651322602096686,False,False,False,0.029651322602096686
2025-04-14,0.006070431835310419,False,False,False,0.006070431835310419
2025-04-15,0.015292732281670274,False,False,False,0.015292732281670274
2025-04-16,-0.07059836599699731,True,False,True,-0.0657800946533667
2025-04-17,0.008237077443084662,False,False,False,0.008237077443084662
2025-04-21,-0.0241658039846967,False,False,False,-0.0241658039846967
2025-04-22,0.022411108218454823,False,False,False,0.022411108218454823
2025-04-23,0.030202459172792295,False,False,False,0.030202459172792295
2025-04-24,0.02586708830555806,False,False,False,0.02586708830555806
2025-04-25,0.0033629356180910897,False,False,False,0.0033629356180910897
2025-04-28,-0.0038365285124172255,False,False,False,-0.0038365285124172255
2025-04-29,-0.009884690405987717,False,False,False,-0.009884690405987717
2025-04-30,0.002957517199267734,False,False,False,0.002957517199267734
2025-05-01,-0.0020357537299844353,False,False,False,-0.0020357537299844353
2025-05-02,0.035412238157227494,False,False,False,0.035412238157227494
2025-05-05,-0.010096666182450087,False,False,False,-0.010096666182450087
2025-05-06,-0.004931507828123349,False,False,False,-0.004931507828123349
2025-05-07,0.03000047751736923,False,False,False,0.03000047751736923
2025-05-08,0.0109082289705007,False,False,False,0.0109082289705007
2025-05-09,-0.0025705227870436165,False,False,False,-0.0025705227870436165
2025-05-12,0.06229023784100063,True,False,True,0.06229023784100063
2025-05-13,0.018261812828723967,False,False,False,0.018261812828723967
2025-05-14,0.006558382733802937,False,False,False,0.006558382733802937
2025-05-15,-0.0137207061443404,False,False,False,-0.0137207061443404
2025-05-16,-0.013529207716396874,False,False,False,-0.013529207716396874
2025-05-19,0.0013768604872206325,False,False,False,0.0013768604872206325
2025-05-20,-0.0004938997434035253,False,False,False,-0.0004938997434035253
2025-05-21,-0.01547896082096667,False,False,False,-0.01547896082096667
2025-05-22,0.004788623219490473,False,False,False,0.004788623219490473
2025-05-23,-0.01108413910807593,False,False,False,-0.01108413910807593
2025-05-27,0.0331744981050095,False,False,False,0.0331744981050095
2025-05-28,-0.013583647458591641,False,False,False,-0.013583647458591641
2025-05-29,0.0007501541188570382,False,False,False,0.0007501541188570382
2025-05-30,-0.013787178834631875,False,False,False,-0.013787178834631875
2025-06-02,0.013247023503799138,False,False,False,0.013247023503799138
2025-06-03,0.0009644229634044876,False,False,False,0.0009644229634044876
2025-06-04,-0.005981894550853073,False,False,False,-0.005981894550853073
2025-06-05,0.006704515835548319,False,False,False,0.006704515835548319
2025-06-06,0.007034355537779646,False,False,False,0.007034355537779646
2025-06-09,0.02281478875750964,False,False,False,0.02281478875750964
2025-06-10,0.01917678299403036,False,False,False,0.01917678299403036
2025-06-11,-0.001120990458868154,False,False,False,-0.001120990458868154
2025-06-12,0.002703764930781727,False,False,False,0.002703764930781727
2025-06-13,-0.03206525135535987,False,False,False,-0.03206525135535987
2025-06-16,0.018699054492444134,False,False,False,0.018699054492444134
2025-06-17,-0.0198263683093034,False,False,False,-0.0198263683093034
2025-06-18,0.002342575383873502,False,False,False,0.002342575383873502
2025-06-20,-0.006709187087447388,False,False,False,-0.006709187087447388
2025-06-23,0.030653034920243627,False,False,False,0.030653034920243627
2025-06-24,0.04314371301545861,False,False,False,0.04314371301545861
2025-06-25,0.0023114056711308617,False,False,False,0.0023114056711308617
2025-06-26,-0.02103670524550172,False,False,False,-0.02103670524550172
2025-06-27,-0.002681420111048549,False,False,False,-0.002681420111048549
2025-06-30,0.006834603125794425,False,False,False,0.006834603125794425
2025-07-01,-0.01362637884888429,False,False,False,-0.01362637884888429
2025-07-02,0.011537511215298224,False,False,False,0.011537511215298224
2025-07-03,-0.006365795826001275,False,False,False,-0.006365795826001275
2025-07-07,-0.011843893196389232,False,False,False,-0.011843893196389232
2025-07-08,0.011476325545181743,False,False,False,0.011476325545181743
2025-07-09,0.0072157683919813476,False,False,False,0.0072157683919813476
2025-07-10,0.0028256125893448836,False,False,False,0.0028256125893448836
2025-07-11,-0.00019952146807622473,False,False,False,-0.00019952146807622473
2025-07-14,0.005985544669494969,False,False,False,0.005985544669494969
2025-07-15,0.020192678413953002,False,False,False,0.020192678413953002
2025-07-16,-0.08331511469584019,True,True,True,-0.0657800946533667
2025-07-17,-0.012645024730786436,False,False,False,-0.012645024730786436
2025-07-18,-0.013867388579966278,False,False,False,-0.013867388579966278
2025-07-21,-0.020283732292489143,False,False,False,-0.020283732292489143
2025-07-22,-0.01973100871435285,False,False,False,-0.01973100871435285
2025-07-23,0.01623010223397614,False,False,False,0.01623010223397614
2025-07-24,0.011367950144817174,False,False,False,0.011367950144817174
2025-07-25,-0.019073780498532367,False,False,False,-0.019073780498532367
2025-07-28,0.026347965180140598,False,False,False,0.026347965180140598
2025-07-29,-0.015753640671576474,False,False,False,-0.015753640671576474
2025-07-30,0.004119781782472298,False,False,False,0.004119781782472298
2025-07-31,-0.03706423145322724,False,False,False,-0.03706423145322724
2025-08-01,-0.007038929184513765,False,False,False,-0.007038929184513765
2025-08-04,0.01382966270338959,False,False,False,0.01382966270338959
2025-08-05,-0.01391269256541583,False,False,False,-0.01391269256541583
2025-08-06,0.0019285951603422724,False,False,False,0.0019285951603422724
2025-08-07,0.0320712811737871,False,False,False,0.0320712811737871
2025-08-08,0.012901071727093205,False,False,False,0.012901071727093205
2025-08-11,-0.0013982857395388182,False,False,False,-0.0013982857395388182
2025-08-12,0.02839275836750943,False,False,False,0.02839275836750943
2025-08-13,0.018576726169205582,False,False,False,0.018576726169205582
2025-08-14,-0.00047644208752717354,False,False,False,-0.00047644208752717354
2025-08-15,-0.01728002601718326,False,False,False,-0.01728002601718326
